{
  "polygon": [
    [
      -0.089152,
      0.565903
    ],
    [
      0.079155,
      0.5653
    ],
    [
      0.08823,
      0.565993
    ],
    [
      0.090225,
      0.569936
    ],
    [
      0.090479,
      0.571558
    ],
    [
      0.096431,
      0.61163
    ],
    [
      0.09477,
      0.62118
    ],
    [
      0.092786,
      0.621972
    ],
    [
      0.080128,
      0.624283
    ],
    [
      0.073509,
      0.625
    ],
    [
      0.051897,
      0.627071
    ],
    [
      0.018904,
      0.62905
    ],
    [
      0.002049,
      0.629261
    ],
    [
      -0.011489,
      0.629035
    ],
    [
      -0.025957,
      0.628627
    ],
    [
      -0.033343,
      0.628343
    ],
    [
      -0.041776,
      0.627821
    ],
    [
      -0.059573,
      0.626313
    ],
    [
      -0.068194,
      0.625463
    ],
    [
      -0.080342,
      0.624259
    ],
    [
      -0.095506,
      0.621444
    ],
    [
      -0.096787,
      0.615528
    ],
    [
      -0.096603,
      0.611639
    ],
    [
      -0.095702,
      0.604708
    ],
    [
      -0.089838,
      0.568086
    ]
  ],
  "stats": {
    "total_points": 7586,
    "hull_vertices": 25,
    "centroid": [
      -0.0006088267861850777,
      0.5932017298971791
    ],
    "x_range": [
      -0.096787,
      0.096431
    ],
    "y_range": [
      0.5653,
      0.629261
    ]
  }
}